image_id,file_name,width,height,num_objects,num_small,num_medium,num_large,small_fraction,medium_fraction,large_fraction,num_categories,categories,category_counts
470924,000000470924.jpg,640,480,56,29,22,5,0.5178571428571429,0.3928571428571428,0.0892857142857142,9,"[1, 3, 46, 47, 48, 49, 59, 62, 67]","{3: 5, 62: 13, 67: 3, 46: 2, 47: 5, 48: 2, 49: 4, 59: 8, 1: 14}"
36494,000000036494.jpg,640,434,52,31,19,2,0.5961538461538461,0.3653846153846153,0.0384615384615384,9,"[1, 44, 47, 51, 62, 67, 82, 85, 86]","{44: 4, 85: 1, 67: 14, 1: 14, 51: 2, 86: 1, 47: 1, 62: 14, 82: 1}"
66231,000000066231.jpg,640,427,26,15,9,2,0.5769230769230769,0.3461538461538461,0.0769230769230769,9,"[1, 44, 49, 51, 52, 53, 55, 81, 82]","{1: 9, 51: 4, 52: 1, 53: 2, 55: 2, 44: 4, 81: 1, 82: 1, 49: 2}"
301135,000000301135.jpg,428,640,23,13,10,0,0.5652173913043478,0.4347826086956521,0.0,6,"[1, 2, 3, 15, 27, 31]","{3: 4, 15: 2, 27: 2, 31: 3, 1: 11, 2: 1}"
173008,000000173008.jpg,640,480,18,11,6,1,0.6111111111111112,0.3333333333333333,0.0555555555555555,9,"[1, 47, 52, 55, 61, 78, 79, 80, 87]","{1: 1, 52: 2, 55: 1, 78: 1, 80: 1, 61: 8, 79: 2, 47: 1, 87: 1}"
135872,000000135872.jpg,640,427,12,7,4,1,0.5833333333333334,0.3333333333333333,0.0833333333333333,7,"[47, 62, 72, 73, 74, 76, 84]","{72: 2, 62: 1, 73: 1, 76: 2, 84: 1, 47: 1, 74: 4}"
169169,000000169169.jpg,640,480,20,13,7,0,0.65,0.35,0.0,4,"[1, 3, 10, 64]","{64: 4, 1: 14, 10: 1, 3: 1}"
405195,000000405195.jpg,640,480,18,11,6,1,0.6111111111111112,0.3333333333333333,0.0555555555555555,4,"[1, 58, 60, 85]","{85: 1, 1: 2, 58: 2, 60: 13}"
172547,000000172547.jpg,640,480,7,7,0,0,1.0,0.0,0.0,1,[19],{19: 7}
268729,000000268729.jpg,640,480,10,5,4,1,0.5,0.4,0.1,3,"[1, 24, 25]","{24: 4, 25: 1, 1: 5}"
118367,000000118367.jpg,640,427,10,6,1,3,0.6,0.1,0.3,4,"[1, 54, 57, 58]","{58: 1, 54: 1, 57: 7, 1: 1}"
349480,000000349480.jpg,640,450,17,10,5,2,0.5882352941176471,0.2941176470588235,0.1176470588235294,10,"[31, 44, 47, 51, 52, 53, 55, 61, 64, 88]","{52: 2, 55: 1, 88: 2, 31: 1, 44: 1, 47: 2, 51: 2, 53: 2, 61: 2, 64: 2}"
371042,000000371042.jpg,640,428,9,6,3,0,0.6666666666666666,0.3333333333333333,0.0,5,"[1, 27, 37, 43, 44]","{1: 3, 43: 3, 27: 1, 44: 1, 37: 1}"
435206,000000435206.jpg,640,427,15,14,1,0,0.9333333333333332,0.0666666666666666,0.0,5,"[1, 9, 20, 21, 22]","{20: 1, 21: 9, 9: 1, 1: 3, 22: 1}"
84241,000000084241.jpg,640,396,18,9,4,5,0.5,0.2222222222222222,0.2777777777777778,10,"[1, 44, 48, 50, 51, 54, 56, 67, 79, 81]","{44: 2, 1: 3, 48: 1, 50: 2, 51: 3, 56: 3, 79: 1, 67: 1, 81: 1, 54: 1}"
184611,000000184611.jpg,640,480,23,14,6,3,0.6086956521739131,0.2608695652173913,0.1304347826086956,5,"[1, 2, 3, 31, 33]","{2: 1, 3: 2, 1: 14, 33: 5, 31: 1}"
182162,000000182162.jpg,640,425,9,6,2,1,0.6666666666666666,0.2222222222222222,0.1111111111111111,5,"[33, 63, 73, 75, 84]","{63: 1, 33: 1, 73: 1, 75: 2, 84: 4}"
295316,000000295316.jpg,640,480,8,7,1,0,0.875,0.125,0.0,2,"[1, 42]","{1: 4, 42: 4}"
413404,000000413404.jpg,640,427,12,7,5,0,0.5833333333333334,0.4166666666666667,0.0,4,"[1, 15, 16, 31]","{16: 3, 1: 2, 15: 6, 31: 1}"
305695,000000305695.jpg,640,480,7,4,2,1,0.5714285714285714,0.2857142857142857,0.1428571428571428,3,"[3, 8, 24]","{24: 5, 8: 1, 3: 1}"
241602,000000241602.jpg,640,427,7,6,1,0,0.8571428571428571,0.1428571428571428,0.0,5,"[44, 64, 70, 81, 86]","{44: 2, 70: 1, 81: 2, 86: 1, 64: 1}"
29393,000000029393.jpg,500,375,4,3,0,1,0.75,0.0,0.25,2,"[18, 55]","{18: 1, 55: 3}"
312237,000000312237.jpg,500,334,23,23,0,0,1.0,0.0,0.0,7,"[1, 9, 27, 28, 31, 38, 42]","{27: 1, 1: 13, 9: 2, 28: 2, 31: 2, 42: 1, 38: 2}"
125572,000000125572.jpg,640,427,29,24,5,0,0.8275862068965517,0.1724137931034483,0.0,9,"[1, 2, 4, 6, 8, 10, 27, 31, 85]","{2: 1, 6: 2, 1: 14, 85: 2, 8: 2, 10: 4, 4: 2, 31: 1, 27: 1}"
491216,000000491216.jpg,480,640,16,9,5,2,0.5625,0.3125,0.125,9,"[17, 44, 50, 52, 62, 64, 79, 81, 82]","{64: 4, 17: 1, 44: 3, 82: 1, 79: 2, 50: 1, 52: 2, 81: 1, 62: 1}"
311295,000000311295.jpg,640,427,10,8,2,0,0.8,0.2,0.0,2,"[24, 25]","{24: 4, 25: 6}"
17714,000000017714.jpg,640,480,17,9,6,2,0.5294117647058824,0.3529411764705882,0.1176470588235294,7,"[47, 48, 49, 50, 52, 59, 67]","{67: 1, 47: 2, 48: 2, 49: 1, 59: 1, 50: 1, 52: 9}"
7795,000000007795.jpg,640,427,4,2,0,2,0.5,0.0,0.5,3,"[65, 75, 85]","{65: 2, 85: 1, 75: 1}"
300659,000000300659.jpg,640,360,7,7,0,0,1.0,0.0,0.0,1,[5],{5: 7}
152870,000000152870.jpg,512,640,2,1,0,1,0.5,0.0,0.5,1,[25],{25: 2}
375493,000000375493.jpg,640,480,7,4,2,1,0.5714285714285714,0.2857142857142857,0.1428571428571428,5,"[1, 11, 13, 17, 44]","{17: 3, 1: 1, 44: 1, 11: 1, 13: 1}"
575081,000000575081.jpg,640,427,4,2,0,2,0.5,0.0,0.5,3,"[1, 72, 75]","{72: 1, 1: 1, 75: 2}"
309467,000000309467.jpg,640,326,6,3,3,0,0.5,0.5,0.0,3,"[1, 27, 35]","{1: 2, 27: 2, 35: 2}"
45090,000000045090.jpg,500,259,4,4,0,0,1.0,0.0,0.0,2,"[1, 42]","{1: 2, 42: 2}"
297147,000000297147.jpg,640,480,4,3,0,1,0.75,0.0,0.25,2,"[1, 4]","{4: 2, 1: 2}"
435880,000000435880.jpg,640,480,7,5,1,1,0.7142857142857143,0.1428571428571428,0.1428571428571428,6,"[44, 47, 51, 63, 73, 82]","{44: 2, 63: 1, 82: 1, 51: 1, 47: 1, 73: 1}"
134856,000000134856.jpg,640,480,6,6,0,0,1.0,0.0,0.0,2,"[1, 19]","{19: 3, 1: 3}"
160864,000000160864.jpg,640,389,18,10,5,3,0.5555555555555556,0.2777777777777778,0.1666666666666666,5,"[1, 37, 39, 40, 62]","{62: 2, 1: 6, 39: 5, 40: 4, 37: 1}"
267940,000000267940.jpg,640,480,2,1,0,1,0.5,0.0,0.5,2,"[9, 15]","{9: 1, 15: 1}"
296634,000000296634.jpg,640,453,12,8,0,4,0.6666666666666666,0.0,0.3333333333333333,3,"[51, 56, 57]","{51: 3, 57: 8, 56: 1}"
151629,000000151629.jpg,427,640,6,3,2,1,0.5,0.3333333333333333,0.1666666666666666,3,"[1, 37, 43]","{1: 3, 43: 2, 37: 1}"
30494,000000030494.jpg,640,480,2,1,0,1,0.5,0.0,0.5,2,"[18, 34]","{18: 1, 34: 1}"
185292,000000185292.jpg,421,640,2,2,0,0,1.0,0.0,0.0,2,"[1, 42]","{1: 1, 42: 1}"
151662,000000151662.jpg,640,480,2,1,0,1,0.5,0.0,0.5,1,[25],{25: 2}
159684,000000159684.jpg,640,388,2,1,0,1,0.5,0.0,0.5,2,"[7, 85]","{7: 1, 85: 1}"
229358,000000229358.jpg,640,423,10,7,2,1,0.7,0.2,0.1,8,"[1, 32, 44, 47, 51, 77, 81, 90]","{44: 1, 32: 2, 1: 2, 47: 1, 81: 1, 51: 1, 77: 1, 90: 1}"
365655,000000365655.jpg,640,427,2,1,0,1,0.5,0.0,0.5,2,"[1, 6]","{6: 1, 1: 1}"
220764,000000220764.jpg,640,427,3,3,0,0,1.0,0.0,0.0,3,"[1, 27, 35]","{1: 1, 35: 1, 27: 1}"
506454,000000506454.jpg,640,480,2,1,0,1,0.5,0.0,0.5,2,"[1, 15]","{15: 1, 1: 1}"
372317,000000372317.jpg,640,428,2,1,0,1,0.5,0.0,0.5,2,"[6, 14]","{6: 1, 14: 1}"
430871,000000430871.jpg,640,428,2,1,0,1,0.5,0.0,0.5,2,"[10, 14]","{14: 1, 10: 1}"
270122,000000270122.jpg,640,427,2,2,0,0,1.0,0.0,0.0,2,"[1, 42]","{1: 1, 42: 1}"
537355,000000537355.jpg,640,428,1,1,0,0,1.0,0.0,0.0,1,[11],{11: 1}
303893,000000303893.jpg,640,427,6,3,1,2,0.5,0.1666666666666666,0.3333333333333333,3,"[1, 15, 54]","{54: 2, 1: 2, 15: 2}"
210855,000000210855.jpg,640,427,5,3,2,0,0.6,0.4,0.0,4,"[44, 70, 81, 86]","{44: 2, 70: 1, 81: 1, 86: 1}"
145597,000000145597.jpg,640,480,19,10,4,5,0.5263157894736842,0.2105263157894736,0.2631578947368421,6,"[1, 31, 44, 46, 47, 55]","{44: 3, 47: 2, 31: 2, 1: 5, 46: 1, 55: 6}"
481480,000000481480.jpg,640,444,4,2,2,0,0.5,0.5,0.0,2,"[1, 19]","{19: 2, 1: 2}"
294855,000000294855.jpg,500,375,2,1,0,1,0.5,0.0,0.5,2,"[33, 44]","{44: 1, 33: 1}"
273420,000000273420.jpg,500,400,6,3,1,2,0.5,0.1666666666666666,0.3333333333333333,6,"[1, 3, 47, 62, 65, 77]","{62: 1, 1: 1, 3: 1, 47: 1, 77: 1, 65: 1}"
426836,000000426836.jpg,640,640,2,1,1,0,0.5,0.5,0.0,2,"[1, 38]","{1: 1, 38: 1}"
350003,000000350003.jpg,640,480,6,4,2,0,0.6666666666666666,0.3333333333333333,0.0,5,"[1, 2, 3, 8, 33]","{3: 1, 8: 1, 1: 2, 33: 1, 2: 1}"
139077,000000139077.jpg,500,375,7,4,2,1,0.5714285714285714,0.2857142857142857,0.1428571428571428,5,"[1, 72, 73, 75, 84]","{72: 1, 1: 1, 84: 3, 73: 1, 75: 1}"
471991,000000471991.jpg,640,424,1,1,0,0,1.0,0.0,0.0,1,[62],{62: 1}
395633,000000395633.jpg,640,480,3,2,0,1,0.6666666666666666,0.0,0.3333333333333333,2,"[1, 9]","{1: 2, 9: 1}"
424521,000000424521.jpg,314,500,2,1,1,0,0.5,0.5,0.0,2,"[1, 41]","{1: 1, 41: 1}"
136033,000000136033.jpg,640,428,2,1,1,0,0.5,0.5,0.0,2,"[64, 81]","{64: 1, 81: 1}"
515350,000000515350.jpg,640,427,2,1,1,0,0.5,0.5,0.0,2,"[1, 42]","{1: 1, 42: 1}"
334521,000000334521.jpg,500,375,4,2,1,1,0.5,0.25,0.25,3,"[1, 16, 25]","{16: 1, 25: 2, 1: 1}"
200252,000000200252.jpg,500,375,3,2,0,1,0.6666666666666666,0.0,0.3333333333333333,2,"[65, 84]","{65: 1, 84: 2}"
259097,000000259097.jpg,500,333,2,1,1,0,0.5,0.5,0.0,2,"[1, 34]","{1: 1, 34: 1}"
5060,000000005060.jpg,480,640,2,1,0,1,0.5,0.0,0.5,2,"[1, 77]","{77: 1, 1: 1}"
356261,000000356261.jpg,640,480,2,1,0,1,0.5,0.0,0.5,1,[19],{19: 2}
314294,000000314294.jpg,640,360,2,1,0,1,0.5,0.0,0.5,1,[22],{22: 2}
500423,000000500423.jpg,640,427,2,1,0,1,0.5,0.0,0.5,2,"[1, 7]","{7: 1, 1: 1}"
64868,000000064868.jpg,500,375,6,3,1,2,0.5,0.1666666666666666,0.3333333333333333,5,"[1, 18, 44, 62, 79]","{18: 1, 1: 1, 79: 1, 44: 1, 62: 2}"
458223,000000458223.jpg,640,338,4,2,2,0,0.5,0.5,0.0,4,"[1, 2, 9, 27]","{2: 1, 9: 1, 1: 1, 27: 1}"
565045,000000565045.jpg,333,500,2,1,1,0,0.5,0.5,0.0,2,"[1, 55]","{1: 1, 55: 1}"
468124,000000468124.jpg,640,459,3,2,0,1,0.6666666666666666,0.0,0.3333333333333333,3,"[1, 3, 6]","{3: 1, 6: 1, 1: 1}"
312552,000000312552.jpg,400,300,2,1,0,1,0.5,0.0,0.5,2,"[1, 59]","{59: 1, 1: 1}"
117197,000000117197.jpg,640,466,2,1,0,1,0.5,0.0,0.5,2,"[1, 77]","{77: 1, 1: 1}"
101787,000000101787.jpg,457,640,1,1,0,0,1.0,0.0,0.0,1,[5],{5: 1}
313454,000000313454.jpg,640,388,7,4,2,1,0.5714285714285714,0.2857142857142857,0.1428571428571428,6,"[1, 32, 44, 46, 62, 64]","{32: 1, 1: 1, 46: 1, 62: 1, 64: 1, 44: 2}"
382122,000000382122.jpg,424,640,1,1,0,0,1.0,0.0,0.0,1,[85],{85: 1}
258793,000000258793.jpg,640,476,4,3,1,0,0.75,0.25,0.0,3,"[1, 3, 14]","{3: 2, 14: 1, 1: 1}"
581317,000000581317.jpg,640,354,2,1,0,1,0.5,0.0,0.5,2,"[1, 77]","{77: 1, 1: 1}"
459634,000000459634.jpg,640,533,3,2,0,1,0.6666666666666666,0.0,0.3333333333333333,2,"[1, 4]","{4: 2, 1: 1}"
83172,000000083172.jpg,640,427,6,3,3,0,0.5,0.5,0.0,4,"[1, 37, 43, 62]","{1: 3, 43: 1, 37: 1, 62: 1}"
517056,000000517056.jpg,640,480,15,8,2,5,0.5333333333333333,0.1333333333333333,0.3333333333333333,6,"[1, 48, 49, 61, 62, 67]","{62: 1, 67: 2, 1: 2, 49: 4, 61: 3, 48: 3}"
65074,000000065074.jpg,424,640,2,1,0,1,0.5,0.0,0.5,2,"[65, 84]","{65: 1, 84: 1}"
376206,000000376206.jpg,640,427,2,1,1,0,0.5,0.5,0.0,2,"[1, 42]","{1: 1, 42: 1}"
489305,000000489305.jpg,305,229,8,5,1,2,0.625,0.125,0.25,3,"[1, 51, 52]","{51: 2, 52: 5, 1: 1}"
411754,000000411754.jpg,320,240,8,4,3,1,0.5,0.375,0.125,4,"[1, 27, 62, 77]","{77: 1, 1: 5, 27: 1, 62: 1}"
383443,000000383443.jpg,640,427,4,3,1,0,0.75,0.25,0.0,3,"[72, 75, 81]","{72: 1, 81: 2, 75: 1}"
372203,000000372203.jpg,640,360,2,1,1,0,0.5,0.5,0.0,2,"[11, 15]","{11: 1, 15: 1}"
248810,000000248810.jpg,375,500,2,1,0,1,0.5,0.0,0.5,2,"[1, 25]","{25: 1, 1: 1}"
227491,000000227491.jpg,640,480,6,3,1,2,0.5,0.1666666666666666,0.3333333333333333,5,"[1, 15, 44, 54, 60]","{1: 1, 15: 1, 60: 2, 44: 1, 54: 1}"
441442,000000441442.jpg,600,400,4,2,1,1,0.5,0.25,0.25,3,"[1, 19, 62]","{19: 1, 62: 1, 1: 2}"
171740,000000171740.jpg,640,480,3,2,0,1,0.6666666666666666,0.0,0.3333333333333333,3,"[47, 63, 85]","{63: 1, 85: 1, 47: 1}"
485802,000000485802.jpg,426,640,1,1,0,0,1.0,0.0,0.0,1,[5],{5: 1}
298697,000000298697.jpg,640,480,4,4,0,0,1.0,0.0,0.0,2,"[19, 21]","{21: 3, 19: 1}"
207306,000000207306.jpg,375,500,2,1,0,1,0.5,0.0,0.5,2,"[1, 88]","{1: 1, 88: 1}"
427077,000000427077.jpg,344,500,2,1,0,1,0.5,0.0,0.5,2,"[1, 39]","{1: 1, 39: 1}"
338532,000000338532.jpg,375,500,3,2,0,1,0.6666666666666666,0.0,0.3333333333333333,2,"[1, 25]","{25: 1, 1: 2}"
385997,000000385997.jpg,640,480,9,5,3,1,0.5555555555555556,0.3333333333333333,0.1111111111111111,7,"[18, 37, 44, 62, 64, 65, 86]","{18: 1, 64: 1, 62: 1, 37: 2, 44: 2, 65: 1, 86: 1}"
257865,000000257865.jpg,640,426,2,1,0,1,0.5,0.0,0.5,2,"[1, 43]","{1: 1, 43: 1}"
505451,000000505451.jpg,444,265,2,2,0,0,1.0,0.0,0.0,2,"[1, 42]","{1: 1, 42: 1}"
561679,000000561679.jpg,640,480,1,1,0,0,1.0,0.0,0.0,1,[3],{3: 1}
73153,000000073153.jpg,427,640,2,1,0,1,0.5,0.0,0.5,2,"[1, 77]","{77: 1, 1: 1}"
357567,000000357567.jpg,480,640,2,1,0,1,0.5,0.0,0.5,2,"[70, 81]","{70: 1, 81: 1}"
149222,000000149222.jpg,500,383,9,5,1,3,0.5555555555555556,0.1111111111111111,0.3333333333333333,6,"[1, 17, 57, 72, 74, 76]","{72: 2, 74: 1, 76: 1, 1: 3, 17: 1, 57: 1}"
159977,000000159977.jpg,640,424,4,2,1,1,0.5,0.25,0.25,3,"[16, 24, 25]","{24: 1, 25: 1, 16: 2}"
493772,000000493772.jpg,640,640,2,1,1,0,0.5,0.5,0.0,2,"[1, 28]","{28: 1, 1: 1}"
96825,000000096825.jpg,640,503,3,2,1,0,0.6666666666666666,0.3333333333333333,0.0,3,"[1, 27, 35]","{1: 1, 27: 1, 35: 1}"
119828,000000119828.jpg,500,375,6,3,1,2,0.5,0.1666666666666666,0.3333333333333333,6,"[17, 47, 73, 74, 75, 77]","{17: 1, 47: 1, 73: 1, 75: 1, 77: 1, 74: 1}"
100510,000000100510.jpg,600,400,6,3,2,1,0.5,0.3333333333333333,0.1666666666666666,3,"[1, 19, 62]","{19: 1, 1: 3, 62: 2}"
351362,000000351362.jpg,426,640,4,2,2,0,0.5,0.5,0.0,4,"[44, 51, 70, 81]","{44: 1, 70: 1, 81: 1, 51: 1}"
577959,000000577959.jpg,640,427,2,2,0,0,1.0,0.0,0.0,2,"[1, 38]","{1: 1, 38: 1}"
368294,000000368294.jpg,640,426,2,1,0,1,0.5,0.0,0.5,2,"[1, 87]","{1: 1, 87: 1}"
510095,000000510095.jpg,640,428,3,2,0,1,0.6666666666666666,0.0,0.3333333333333333,3,"[1, 11, 39]","{1: 1, 39: 1, 11: 1}"
118405,000000118405.jpg,640,480,2,2,0,0,1.0,0.0,0.0,2,"[1, 51]","{51: 1, 1: 1}"
304365,000000304365.jpg,640,427,4,3,0,1,0.75,0.0,0.25,4,"[1, 7, 31, 33]","{7: 1, 1: 1, 33: 1, 31: 1}"
107554,000000107554.jpg,640,480,2,1,0,1,0.5,0.0,0.5,2,"[3, 42]","{3: 1, 42: 1}"
43581,000000043581.jpg,640,427,4,2,0,2,0.5,0.0,0.5,4,"[48, 49, 59, 67]","{59: 1, 48: 1, 67: 1, 49: 1}"
168619,000000168619.jpg,640,480,1,1,0,0,1.0,0.0,0.0,1,[15],{15: 1}
415536,000000415536.jpg,640,480,2,1,0,1,0.5,0.0,0.5,2,"[1, 6]","{6: 1, 1: 1}"
249180,000000249180.jpg,640,427,4,2,2,0,0.5,0.5,0.0,2,"[1, 77]","{77: 1, 1: 3}"
470173,000000470173.jpg,446,640,2,1,1,0,0.5,0.5,0.0,1,[2],{2: 2}
293245,000000293245.jpg,640,480,4,3,0,1,0.75,0.0,0.25,2,"[4, 64]","{4: 1, 64: 3}"
286503,000000286503.jpg,640,427,4,3,0,1,0.75,0.0,0.25,2,"[1, 22]","{1: 3, 22: 1}"
415741,000000415741.jpg,640,360,6,3,2,1,0.5,0.3333333333333333,0.1666666666666666,3,"[62, 65, 84]","{62: 2, 65: 1, 84: 3}"
396580,000000396580.jpg,640,430,2,1,1,0,0.5,0.5,0.0,2,"[9, 15]","{9: 1, 15: 1}"
188439,000000188439.jpg,640,408,2,1,0,1,0.5,0.0,0.5,2,"[1, 8]","{8: 1, 1: 1}"
446574,000000446574.jpg,428,640,3,2,0,1,0.6666666666666666,0.0,0.3333333333333333,2,"[44, 70]","{44: 2, 70: 1}"
551780,000000551780.jpg,640,480,2,1,0,1,0.5,0.0,0.5,2,"[50, 85]","{85: 1, 50: 1}"
471567,000000471567.jpg,640,480,4,3,0,1,0.75,0.0,0.25,2,"[1, 25]","{1: 3, 25: 1}"
157847,000000157847.jpg,640,385,1,1,0,0,1.0,0.0,0.0,1,[16],{16: 1}
95069,000000095069.jpg,600,450,1,1,0,0,1.0,0.0,0.0,1,[85],{85: 1}
423944,000000423944.jpg,448,640,1,1,0,0,1.0,0.0,0.0,1,[32],{32: 1}
404534,000000404534.jpg,386,500,1,1,0,0,1.0,0.0,0.0,1,[3],{3: 1}
186042,000000186042.jpg,640,360,2,1,0,1,0.5,0.0,0.5,2,"[1, 35]","{1: 1, 35: 1}"
383606,000000383606.jpg,640,480,4,2,1,1,0.5,0.25,0.25,3,"[1, 47, 81]","{1: 1, 81: 1, 47: 2}"
494869,000000494869.jpg,427,640,9,5,1,3,0.5555555555555556,0.1111111111111111,0.3333333333333333,5,"[1, 18, 44, 50, 51]","{18: 1, 1: 2, 50: 1, 51: 4, 44: 1}"
410510,000000410510.jpg,640,445,3,2,1,0,0.6666666666666666,0.3333333333333333,0.0,3,"[1, 37, 43]","{37: 1, 43: 1, 1: 1}"
252507,000000252507.jpg,375,500,2,1,1,0,0.5,0.5,0.0,2,"[1, 35]","{1: 1, 35: 1}"
416745,000000416745.jpg,612,612,2,1,0,1,0.5,0.0,0.5,2,"[70, 81]","{70: 1, 81: 1}"
140658,000000140658.jpg,480,640,1,1,0,0,1.0,0.0,0.0,1,[85],{85: 1}
491683,000000491683.jpg,366,500,2,1,1,0,0.5,0.5,0.0,2,"[7, 19]","{19: 1, 7: 1}"
50943,000000050943.jpg,640,319,2,2,0,0,1.0,0.0,0.0,2,"[1, 42]","{1: 1, 42: 1}"
509258,000000509258.jpg,640,428,1,1,0,0,1.0,0.0,0.0,1,[15],{15: 1}
144114,000000144114.jpg,600,400,2,1,0,1,0.5,0.0,0.5,2,"[1, 5]","{5: 1, 1: 1}"
28285,000000028285.jpg,640,425,1,1,0,0,1.0,0.0,0.0,1,[85],{85: 1}
280779,000000280779.jpg,640,501,3,2,0,1,0.6666666666666666,0.0,0.3333333333333333,3,"[1, 27, 35]","{1: 1, 27: 1, 35: 1}"
437110,000000437110.jpg,480,640,1,1,0,0,1.0,0.0,0.0,1,[85],{85: 1}
123480,000000123480.jpg,640,480,4,2,1,1,0.5,0.25,0.25,3,"[1, 77, 90]","{90: 2, 1: 1, 77: 1}"
482970,000000482970.jpg,640,360,2,1,0,1,0.5,0.0,0.5,2,"[73, 74]","{73: 1, 74: 1}"
117645,000000117645.jpg,640,480,2,2,0,0,1.0,0.0,0.0,2,"[1, 36]","{1: 1, 36: 1}"
391140,000000391140.jpg,640,480,3,2,0,1,0.6666666666666666,0.0,0.3333333333333333,2,"[1, 75]","{1: 1, 75: 2}"
230819,000000230819.jpg,640,432,2,1,1,0,0.5,0.5,0.0,2,"[1, 42]","{1: 1, 42: 1}"
483050,000000483050.jpg,640,478,3,2,0,1,0.6666666666666666,0.0,0.3333333333333333,3,"[47, 65, 85]","{65: 1, 47: 1, 85: 1}"
518213,000000518213.jpg,640,480,2,1,0,1,0.5,0.0,0.5,1,[21],{21: 2}
325991,000000325991.jpg,500,334,2,1,0,1,0.5,0.0,0.5,2,"[1, 34]","{1: 1, 34: 1}"
522393,000000522393.jpg,640,640,4,2,2,0,0.5,0.5,0.0,3,"[1, 9, 77]","{9: 1, 1: 2, 77: 1}"
262440,000000262440.jpg,400,640,3,2,1,0,0.6666666666666666,0.3333333333333333,0.0,3,"[44, 70, 81]","{44: 1, 70: 1, 81: 1}"
37777,000000037777.jpg,352,230,14,11,3,0,0.7857142857142857,0.2142857142857142,0.0,8,"[52, 55, 62, 64, 67, 79, 81, 82]","{64: 1, 62: 3, 67: 1, 82: 1, 52: 1, 79: 1, 81: 1, 55: 5}"
53624,000000053624.jpg,640,427,6,5,0,1,0.8333333333333334,0.0,0.1666666666666666,2,"[1, 22]","{1: 5, 22: 1}"
552883,000000552883.jpg,640,426,1,1,0,0,1.0,0.0,0.0,1,[81],{81: 1}
292415,000000292415.jpg,333,500,2,1,1,0,0.5,0.5,0.0,2,"[1, 41]","{1: 1, 41: 1}"
167122,000000167122.jpg,640,480,6,3,2,1,0.5,0.3333333333333333,0.1666666666666666,3,"[1, 3, 17]","{3: 4, 1: 1, 17: 1}"
519569,000000519569.jpg,426,640,8,4,1,3,0.5,0.125,0.375,5,"[44, 46, 62, 79, 86]","{44: 1, 62: 3, 46: 2, 79: 1, 86: 1}"
535608,000000535608.jpg,500,376,11,8,3,0,0.7272727272727273,0.2727272727272727,0.0,4,"[1, 28, 31, 62]","{28: 1, 62: 3, 1: 5, 31: 2}"
395575,000000395575.jpg,500,339,2,1,1,0,0.5,0.5,0.0,2,"[1, 15]","{1: 1, 15: 1}"
324614,000000324614.jpg,640,427,2,1,0,1,0.5,0.0,0.5,2,"[1, 90]","{90: 1, 1: 1}"
484760,000000484760.jpg,640,426,1,1,0,0,1.0,0.0,0.0,1,[85],{85: 1}
231549,000000231549.jpg,640,480,3,2,0,1,0.6666666666666666,0.0,0.3333333333333333,3,"[47, 65, 85]","{65: 1, 47: 1, 85: 1}"
281447,000000281447.jpg,640,421,3,2,0,1,0.6666666666666666,0.0,0.3333333333333333,1,[19],{19: 3}
298251,000000298251.jpg,640,159,9,8,1,0,0.8888888888888888,0.1111111111111111,0.0,1,[24],{24: 9}
578093,000000578093.jpg,640,480,5,4,0,1,0.8,0.0,0.2,2,"[1, 7]","{7: 1, 1: 4}"
356428,000000356428.jpg,500,281,13,7,6,0,0.5384615384615384,0.4615384615384615,0.0,3,"[1, 27, 52]","{1: 4, 52: 7, 27: 2}"
579158,000000579158.jpg,640,480,9,6,2,1,0.6666666666666666,0.2222222222222222,0.1111111111111111,3,"[5, 8, 33]","{5: 1, 33: 7, 8: 1}"
67406,000000067406.jpg,500,375,4,3,1,0,0.75,0.25,0.0,2,"[1, 38]","{1: 3, 38: 1}"
449603,000000449603.jpg,640,426,2,1,1,0,0.5,0.5,0.0,2,"[1, 42]","{1: 1, 42: 1}"
460967,000000460967.jpg,604,640,2,1,0,1,0.5,0.0,0.5,2,"[1, 6]","{6: 1, 1: 1}"
239537,000000239537.jpg,640,436,3,2,0,1,0.6666666666666666,0.0,0.3333333333333333,3,"[1, 37, 43]","{37: 1, 1: 1, 43: 1}"
296317,000000296317.jpg,640,480,3,2,1,0,0.6666666666666666,0.3333333333333333,0.0,1,[25],{25: 3}
526197,000000526197.jpg,428,640,7,4,1,2,0.5714285714285714,0.1428571428571428,0.2857142857142857,2,"[60, 67]","{60: 6, 67: 1}"
277020,000000277020.jpg,640,360,12,6,2,4,0.5,0.1666666666666666,0.3333333333333333,6,"[1, 32, 47, 51, 62, 67]","{32: 2, 1: 4, 47: 1, 51: 2, 62: 2, 67: 1}"
38048,000000038048.jpg,299,500,4,2,2,0,0.5,0.5,0.0,4,"[1, 3, 11, 31]","{11: 1, 1: 1, 3: 1, 31: 1}"
145620,000000145620.jpg,640,436,5,3,1,1,0.6,0.2,0.2,2,"[1, 4]","{1: 4, 4: 1}"
127182,000000127182.jpg,427,640,10,6,2,2,0.6,0.2,0.2,7,"[49, 64, 78, 79, 81, 82, 86]","{64: 1, 78: 1, 79: 1, 49: 4, 86: 1, 81: 1, 82: 1}"
221291,000000221291.jpg,335,500,2,1,0,1,0.5,0.0,0.5,2,"[1, 38]","{1: 1, 38: 1}"
6460,000000006460.jpg,640,427,2,1,1,0,0.5,0.5,0.0,2,"[1, 42]","{42: 1, 1: 1}"
267670,000000267670.jpg,450,600,2,1,0,1,0.5,0.0,0.5,2,"[44, 81]","{81: 1, 44: 1}"
262587,000000262587.jpg,640,480,2,1,1,0,0.5,0.5,0.0,2,"[1, 42]","{42: 1, 1: 1}"
378873,000000378873.jpg,640,426,23,12,11,0,0.5217391304347826,0.4782608695652174,0.0,7,"[1, 8, 31, 51, 55, 57, 67]","{8: 1, 1: 7, 51: 1, 55: 3, 57: 9, 31: 1, 67: 1}"
345361,000000345361.jpg,500,358,11,8,0,3,0.7272727272727273,0.0,0.2727272727272727,6,"[1, 3, 47, 50, 61, 67]","{3: 1, 67: 1, 1: 2, 47: 4, 50: 1, 61: 2}"
516708,000000516708.jpg,500,375,1,1,0,0,1.0,0.0,0.0,1,[10],{10: 1}
537153,000000537153.jpg,640,396,3,2,1,0,0.6666666666666666,0.3333333333333333,0.0,2,"[1, 15]","{1: 2, 15: 1}"
51598,000000051598.jpg,360,640,2,1,0,1,0.5,0.0,0.5,2,"[44, 81]","{44: 1, 81: 1}"
293804,000000293804.jpg,500,333,6,3,0,3,0.5,0.0,0.5,4,"[62, 63, 64, 86]","{64: 2, 63: 2, 86: 1, 62: 1}"
447088,000000447088.jpg,500,333,6,3,0,3,0.5,0.0,0.5,2,"[1, 39]","{1: 3, 39: 3}"
